{"fmus":{"{controller}":"file:////home/mot/Work/Aarhus%20University/Overture/case-study_three_tank/FMUs/WaterTankController.fmu","{tank1}":"file:////home/mot/Work/Aarhus%20University/Overture/case-study_three_tank/FMUs/threewatertank1.fmu","{tank2}":"file:////home/mot/Work/Aarhus%20University/Overture/case-study_three_tank/FMUs/threewatertank2.fmu"},"connections":{"{controller}.controller.wt3_valve":["{tank2}.tank2.valveControl"],"{tank2}.tank2.level":["{controller}.controller.wt3_level"],"{tank1}.tank1.Tank2OutFlow":["{tank2}.tank2.inFlow"]},"parameters":{"{controller}.controller.wt3_max":1.7,"{controller}.controller.wt3_min":1.3},"livestream":{"{controller}.controller":["wt3_valve"],"{tank1}.tank1":["Tank1WaterLevel","Tank2WaterLevel"]},"algorithm":{"type":"fixed-step","size":0.05}}